"VAR","LABEL","TYPE","INPUT","QUESTION"
"CASE","Interview-Nummer (fortlaufend)","METRIC","SYSTEM",
"SERIAL","Personenkennung oder Teilnahmecode (sofern verwendet)","TEXT","SYSTEM",
"REF","Referenz (sofern im Link angegeben)","TEXT","SYSTEM",
"QUESTNNR","Fragebogen, der im Interview verwendet wurde","TEXT","SYSTEM",
"MODE","Interview-Modus","TEXT","SYSTEM",
"STARTED","Zeitpunkt zu dem das Interview begonnen hat (Europe/Berlin)","TIME","SYSTEM",
"IN11","Datenschutz-Einverständnis","NOMINAL","SELECTION","Einverständniserklärung"
"IN16","SONA/Prolific?","NOMINAL","SELECTION","Sind Sie über Prolific oder SONA zu der Studie gekommen?"
"IN16_01","SONA/Prolific?: Prolific -- Meine ID","TEXT","OPEN","Sind Sie über Prolific oder SONA zu der Studie gekommen?"
"IN16_02","SONA/Prolific?: SONA -- Meine ID","TEXT","OPEN","Sind Sie über Prolific oder SONA zu der Studie gekommen?"
"RA01_CP","Listen: Vollständige Leerungen der Urne bisher","METRIC","MEASURED",""
"RA01","Listen: Gezogener Code","METRIC","MEASURED",""
"RA02_CP","Seitenrotation A: Vollständige Leerungen der Urne bisher","METRIC","MEASURED",""
"RA02x01","Seitenrotation A: Gezogener Code (1)","METRIC","MEASURED",""
"RA02x02","Seitenrotation A: Gezogener Code (2)","METRIC","MEASURED",""
"RA02x03","Seitenrotation A: Gezogener Code (3)","METRIC","MEASURED",""
"RA02x04","Seitenrotation A: Gezogener Code (4)","METRIC","MEASURED",""
"RA02x05","Seitenrotation A: Gezogener Code (5)","METRIC","MEASURED",""
"RA02x06","Seitenrotation A: Gezogener Code (6)","METRIC","MEASURED",""
"RA02x07","Seitenrotation A: Gezogener Code (7)","METRIC","MEASURED",""
"RA02x08","Seitenrotation A: Gezogener Code (8)","METRIC","MEASURED",""
"RA02x09","Seitenrotation A: Gezogener Code (9)","METRIC","MEASURED",""
"RA02x10","Seitenrotation A: Gezogener Code (10)","METRIC","MEASURED",""
"RA02x11","Seitenrotation A: Gezogener Code (11)","METRIC","MEASURED",""
"RA02x12","Seitenrotation A: Gezogener Code (12)","METRIC","MEASURED",""
"RA02x13","Seitenrotation A: Gezogener Code (13)","METRIC","MEASURED",""
"RA02x14","Seitenrotation A: Gezogener Code (14)","METRIC","MEASURED",""
"RA02x15","Seitenrotation A: Gezogener Code (15)","METRIC","MEASURED",""
"RA02x16","Seitenrotation A: Gezogener Code (16)","METRIC","MEASURED",""
"RA02x17","Seitenrotation A: Gezogener Code (17)","METRIC","MEASURED",""
"RA02x18","Seitenrotation A: Gezogener Code (18)","METRIC","MEASURED",""
"RA02x19","Seitenrotation A: Gezogener Code (19)","METRIC","MEASURED",""
"RA02x20","Seitenrotation A: Gezogener Code (20)","METRIC","MEASURED",""
"RA02x21","Seitenrotation A: Gezogener Code (21)","METRIC","MEASURED",""
"RA02x22","Seitenrotation A: Gezogener Code (22)","METRIC","MEASURED",""
"RA02x23","Seitenrotation A: Gezogener Code (23)","METRIC","MEASURED",""
"RA02x24","Seitenrotation A: Gezogener Code (24)","METRIC","MEASURED",""
"RA02x25","Seitenrotation A: Gezogener Code (25)","METRIC","MEASURED",""
"RA02x26","Seitenrotation A: Gezogener Code (26)","METRIC","MEASURED",""
"RA02x27","Seitenrotation A: Gezogener Code (27)","METRIC","MEASURED",""
"RA02x28","Seitenrotation A: Gezogener Code (28)","METRIC","MEASURED",""
"RA02x29","Seitenrotation A: Gezogener Code (29)","METRIC","MEASURED",""
"RA02x30","Seitenrotation A: Gezogener Code (30)","METRIC","MEASURED",""
"RA02x31","Seitenrotation A: Gezogener Code (31)","METRIC","MEASURED",""
"RA02x32","Seitenrotation A: Gezogener Code (32)","METRIC","MEASURED",""
"RA02x33","Seitenrotation A: Gezogener Code (33)","METRIC","MEASURED",""
"RA02x34","Seitenrotation A: Gezogener Code (34)","METRIC","MEASURED",""
"RA02x35","Seitenrotation A: Gezogener Code (35)","METRIC","MEASURED",""
"RA02x36","Seitenrotation A: Gezogener Code (36)","METRIC","MEASURED",""
"RA02x37","Seitenrotation A: Gezogener Code (37)","METRIC","MEASURED",""
"RA02x38","Seitenrotation A: Gezogener Code (38)","METRIC","MEASURED",""
"RA02x39","Seitenrotation A: Gezogener Code (39)","METRIC","MEASURED",""
"RA02x40","Seitenrotation A: Gezogener Code (40)","METRIC","MEASURED",""
"RA02x41","Seitenrotation A: Gezogener Code (41)","METRIC","MEASURED",""
"RA02x42","Seitenrotation A: Gezogener Code (42)","METRIC","MEASURED",""
"RA02x43","Seitenrotation A: Gezogener Code (43)","METRIC","MEASURED",""
"RA02x44","Seitenrotation A: Gezogener Code (44)","METRIC","MEASURED",""
"RA02x45","Seitenrotation A: Gezogener Code (45)","METRIC","MEASURED",""
"RA02x46","Seitenrotation A: Gezogener Code (46)","METRIC","MEASURED",""
"RA02x47","Seitenrotation A: Gezogener Code (47)","METRIC","MEASURED",""
"RA02x48","Seitenrotation A: Gezogener Code (48)","METRIC","MEASURED",""
"RA02x49","Seitenrotation A: Gezogener Code (49)","METRIC","MEASURED",""
"RA02x50","Seitenrotation A: Gezogener Code (50)","METRIC","MEASURED",""
"RA02x51","Seitenrotation A: Gezogener Code (51)","METRIC","MEASURED",""
"RA02x52","Seitenrotation A: Gezogener Code (52)","METRIC","MEASURED",""
"RA02x53","Seitenrotation A: Gezogener Code (53)","METRIC","MEASURED",""
"RA02x54","Seitenrotation A: Gezogener Code (54)","METRIC","MEASURED",""
"RA02x55","Seitenrotation A: Gezogener Code (55)","METRIC","MEASURED",""
"RA02x56","Seitenrotation A: Gezogener Code (56)","METRIC","MEASURED",""
"RA02x57","Seitenrotation A: Gezogener Code (57)","METRIC","MEASURED",""
"RA02x58","Seitenrotation A: Gezogener Code (58)","METRIC","MEASURED",""
"RA02x59","Seitenrotation A: Gezogener Code (59)","METRIC","MEASURED",""
"RA02x60","Seitenrotation A: Gezogener Code (60)","METRIC","MEASURED",""
"RA02x61","Seitenrotation A: Gezogener Code (61)","METRIC","MEASURED",""
"RA02x62","Seitenrotation A: Gezogener Code (62)","METRIC","MEASURED",""
"RA02x63","Seitenrotation A: Gezogener Code (63)","METRIC","MEASURED",""
"RA02x64","Seitenrotation A: Gezogener Code (64)","METRIC","MEASURED",""
"RA02x65","Seitenrotation A: Gezogener Code (65)","METRIC","MEASURED",""
"RA02x66","Seitenrotation A: Gezogener Code (66)","METRIC","MEASURED",""
"RA02x67","Seitenrotation A: Gezogener Code (67)","METRIC","MEASURED",""
"RA02x68","Seitenrotation A: Gezogener Code (68)","METRIC","MEASURED",""
"RA02x69","Seitenrotation A: Gezogener Code (69)","METRIC","MEASURED",""
"RA02x70","Seitenrotation A: Gezogener Code (70)","METRIC","MEASURED",""
"RA02x71","Seitenrotation A: Gezogener Code (71)","METRIC","MEASURED",""
"RA02x72","Seitenrotation A: Gezogener Code (72)","METRIC","MEASURED",""
"RA02x73","Seitenrotation A: Gezogener Code (73)","METRIC","MEASURED",""
"RA02x74","Seitenrotation A: Gezogener Code (74)","METRIC","MEASURED",""
"RA02x75","Seitenrotation A: Gezogener Code (75)","METRIC","MEASURED",""
"RA02x76","Seitenrotation A: Gezogener Code (76)","METRIC","MEASURED",""
"RA02x77","Seitenrotation A: Gezogener Code (77)","METRIC","MEASURED",""
"RA02x78","Seitenrotation A: Gezogener Code (78)","METRIC","MEASURED",""
"RA02x79","Seitenrotation A: Gezogener Code (79)","METRIC","MEASURED",""
"RA02x80","Seitenrotation A: Gezogener Code (80)","METRIC","MEASURED",""
"RA02x81","Seitenrotation A: Gezogener Code (81)","METRIC","MEASURED",""
"RA02x82","Seitenrotation A: Gezogener Code (82)","METRIC","MEASURED",""
"RA02x83","Seitenrotation A: Gezogener Code (83)","METRIC","MEASURED",""
"RA02x84","Seitenrotation A: Gezogener Code (84)","METRIC","MEASURED",""
"RA02x85","Seitenrotation A: Gezogener Code (85)","METRIC","MEASURED",""
"RA02x86","Seitenrotation A: Gezogener Code (86)","METRIC","MEASURED",""
"RA02x87","Seitenrotation A: Gezogener Code (87)","METRIC","MEASURED",""
"RA02x88","Seitenrotation A: Gezogener Code (88)","METRIC","MEASURED",""
"RA02x89","Seitenrotation A: Gezogener Code (89)","METRIC","MEASURED",""
"RA02x90","Seitenrotation A: Gezogener Code (90)","METRIC","MEASURED",""
"RA02x91","Seitenrotation A: Gezogener Code (91)","METRIC","MEASURED",""
"RA02x92","Seitenrotation A: Gezogener Code (92)","METRIC","MEASURED",""
"RA02x93","Seitenrotation A: Gezogener Code (93)","METRIC","MEASURED",""
"RA02x94","Seitenrotation A: Gezogener Code (94)","METRIC","MEASURED",""
"RA02x95","Seitenrotation A: Gezogener Code (95)","METRIC","MEASURED",""
"RA02x96","Seitenrotation A: Gezogener Code (96)","METRIC","MEASURED",""
"RA02x97","Seitenrotation A: Gezogener Code (97)","METRIC","MEASURED",""
"RA02x98","Seitenrotation A: Gezogener Code (98)","METRIC","MEASURED",""
"RA02x99","Seitenrotation A: Gezogener Code (99)","METRIC","MEASURED",""
"RA02100","Seitenrotation A: Gezogener Code (100)","METRIC","MEASURED",""
"RA02101","Seitenrotation A: Gezogener Code (101)","METRIC","MEASURED",""
"RA02102","Seitenrotation A: Gezogener Code (102)","METRIC","MEASURED",""
"RA02103","Seitenrotation A: Gezogener Code (103)","METRIC","MEASURED",""
"RA02104","Seitenrotation A: Gezogener Code (104)","METRIC","MEASURED",""
"RA02105","Seitenrotation A: Gezogener Code (105)","METRIC","MEASURED",""
"RA02106","Seitenrotation A: Gezogener Code (106)","METRIC","MEASURED",""
"RA02107","Seitenrotation A: Gezogener Code (107)","METRIC","MEASURED",""
"RA02108","Seitenrotation A: Gezogener Code (108)","METRIC","MEASURED",""
"RA02109","Seitenrotation A: Gezogener Code (109)","METRIC","MEASURED",""
"RA02110","Seitenrotation A: Gezogener Code (110)","METRIC","MEASURED",""
"RA02111","Seitenrotation A: Gezogener Code (111)","METRIC","MEASURED",""
"RA02112","Seitenrotation A: Gezogener Code (112)","METRIC","MEASURED",""
"RA02113","Seitenrotation A: Gezogener Code (113)","METRIC","MEASURED",""
"RA02114","Seitenrotation A: Gezogener Code (114)","METRIC","MEASURED",""
"RA02115","Seitenrotation A: Gezogener Code (115)","METRIC","MEASURED",""
"RA02116","Seitenrotation A: Gezogener Code (116)","METRIC","MEASURED",""
"RA02117","Seitenrotation A: Gezogener Code (117)","METRIC","MEASURED",""
"RA02118","Seitenrotation A: Gezogener Code (118)","METRIC","MEASURED",""
"RA02119","Seitenrotation A: Gezogener Code (119)","METRIC","MEASURED",""
"RA02120","Seitenrotation A: Gezogener Code (120)","METRIC","MEASURED",""
"RA02121","Seitenrotation A: Gezogener Code (121)","METRIC","MEASURED",""
"RA02122","Seitenrotation A: Gezogener Code (122)","METRIC","MEASURED",""
"RA02123","Seitenrotation A: Gezogener Code (123)","METRIC","MEASURED",""
"RA02124","Seitenrotation A: Gezogener Code (124)","METRIC","MEASURED",""
"RA02125","Seitenrotation A: Gezogener Code (125)","METRIC","MEASURED",""
"RA02126","Seitenrotation A: Gezogener Code (126)","METRIC","MEASURED",""
"RA02127","Seitenrotation A: Gezogener Code (127)","METRIC","MEASURED",""
"RA02128","Seitenrotation A: Gezogener Code (128)","METRIC","MEASURED",""
"RA02129","Seitenrotation A: Gezogener Code (129)","METRIC","MEASURED",""
"RA02130","Seitenrotation A: Gezogener Code (130)","METRIC","MEASURED",""
"RA02131","Seitenrotation A: Gezogener Code (131)","METRIC","MEASURED",""
"RA02132","Seitenrotation A: Gezogener Code (132)","METRIC","MEASURED",""
"RA02133","Seitenrotation A: Gezogener Code (133)","METRIC","MEASURED",""
"RA02134","Seitenrotation A: Gezogener Code (134)","METRIC","MEASURED",""
"RA02135","Seitenrotation A: Gezogener Code (135)","METRIC","MEASURED",""
"RA02136","Seitenrotation A: Gezogener Code (136)","METRIC","MEASURED",""
"RA02137","Seitenrotation A: Gezogener Code (137)","METRIC","MEASURED",""
"RA02138","Seitenrotation A: Gezogener Code (138)","METRIC","MEASURED",""
"RA02139","Seitenrotation A: Gezogener Code (139)","METRIC","MEASURED",""
"RA02140","Seitenrotation A: Gezogener Code (140)","METRIC","MEASURED",""
"RA02141","Seitenrotation A: Gezogener Code (141)","METRIC","MEASURED",""
"RA02142","Seitenrotation A: Gezogener Code (142)","METRIC","MEASURED",""
"RA02143","Seitenrotation A: Gezogener Code (143)","METRIC","MEASURED",""
"RA02144","Seitenrotation A: Gezogener Code (144)","METRIC","MEASURED",""
"RA02145","Seitenrotation A: Gezogener Code (145)","METRIC","MEASURED",""
"RA02146","Seitenrotation A: Gezogener Code (146)","METRIC","MEASURED",""
"RA02147","Seitenrotation A: Gezogener Code (147)","METRIC","MEASURED",""
"RA02148","Seitenrotation A: Gezogener Code (148)","METRIC","MEASURED",""
"RA02149","Seitenrotation A: Gezogener Code (149)","METRIC","MEASURED",""
"RA02150","Seitenrotation A: Gezogener Code (150)","METRIC","MEASURED",""
"RA02151","Seitenrotation A: Gezogener Code (151)","METRIC","MEASURED",""
"RA02152","Seitenrotation A: Gezogener Code (152)","METRIC","MEASURED",""
"RA02153","Seitenrotation A: Gezogener Code (153)","METRIC","MEASURED",""
"RA02154","Seitenrotation A: Gezogener Code (154)","METRIC","MEASURED",""
"RA02155","Seitenrotation A: Gezogener Code (155)","METRIC","MEASURED",""
"RA02156","Seitenrotation A: Gezogener Code (156)","METRIC","MEASURED",""
"RA02157","Seitenrotation A: Gezogener Code (157)","METRIC","MEASURED",""
"RA02158","Seitenrotation A: Gezogener Code (158)","METRIC","MEASURED",""
"RA02159","Seitenrotation A: Gezogener Code (159)","METRIC","MEASURED",""
"RA02160","Seitenrotation A: Gezogener Code (160)","METRIC","MEASURED",""
"RA02161","Seitenrotation A: Gezogener Code (161)","METRIC","MEASURED",""
"RA02162","Seitenrotation A: Gezogener Code (162)","METRIC","MEASURED",""
"RA02163","Seitenrotation A: Gezogener Code (163)","METRIC","MEASURED",""
"RA02164","Seitenrotation A: Gezogener Code (164)","METRIC","MEASURED",""
"RA02165","Seitenrotation A: Gezogener Code (165)","METRIC","MEASURED",""
"RA02166","Seitenrotation A: Gezogener Code (166)","METRIC","MEASURED",""
"RA02167","Seitenrotation A: Gezogener Code (167)","METRIC","MEASURED",""
"RA02168","Seitenrotation A: Gezogener Code (168)","METRIC","MEASURED",""
"RA02169","Seitenrotation A: Gezogener Code (169)","METRIC","MEASURED",""
"RA02170","Seitenrotation A: Gezogener Code (170)","METRIC","MEASURED",""
"RA02171","Seitenrotation A: Gezogener Code (171)","METRIC","MEASURED",""
"RA02172","Seitenrotation A: Gezogener Code (172)","METRIC","MEASURED",""
"RA02173","Seitenrotation A: Gezogener Code (173)","METRIC","MEASURED",""
"RA02174","Seitenrotation A: Gezogener Code (174)","METRIC","MEASURED",""
"RA02175","Seitenrotation A: Gezogener Code (175)","METRIC","MEASURED",""
"RA02176","Seitenrotation A: Gezogener Code (176)","METRIC","MEASURED",""
"RA02177","Seitenrotation A: Gezogener Code (177)","METRIC","MEASURED",""
"RA02178","Seitenrotation A: Gezogener Code (178)","METRIC","MEASURED",""
"RA02179","Seitenrotation A: Gezogener Code (179)","METRIC","MEASURED",""
"RA02180","Seitenrotation A: Gezogener Code (180)","METRIC","MEASURED",""
"RA02181","Seitenrotation A: Gezogener Code (181)","METRIC","MEASURED",""
"RA02182","Seitenrotation A: Gezogener Code (182)","METRIC","MEASURED",""
"RA02183","Seitenrotation A: Gezogener Code (183)","METRIC","MEASURED",""
"RA02184","Seitenrotation A: Gezogener Code (184)","METRIC","MEASURED",""
"RA02185","Seitenrotation A: Gezogener Code (185)","METRIC","MEASURED",""
"RA02186","Seitenrotation A: Gezogener Code (186)","METRIC","MEASURED",""
"RA02187","Seitenrotation A: Gezogener Code (187)","METRIC","MEASURED",""
"RA02188","Seitenrotation A: Gezogener Code (188)","METRIC","MEASURED",""
"RA02189","Seitenrotation A: Gezogener Code (189)","METRIC","MEASURED",""
"RA02190","Seitenrotation A: Gezogener Code (190)","METRIC","MEASURED",""
"RA02191","Seitenrotation A: Gezogener Code (191)","METRIC","MEASURED",""
"RA02192","Seitenrotation A: Gezogener Code (192)","METRIC","MEASURED",""
"RA02193","Seitenrotation A: Gezogener Code (193)","METRIC","MEASURED",""
"RA02194","Seitenrotation A: Gezogener Code (194)","METRIC","MEASURED",""
"RA02195","Seitenrotation A: Gezogener Code (195)","METRIC","MEASURED",""
"RA02196","Seitenrotation A: Gezogener Code (196)","METRIC","MEASURED",""
"RA02197","Seitenrotation A: Gezogener Code (197)","METRIC","MEASURED",""
"RA02198","Seitenrotation A: Gezogener Code (198)","METRIC","MEASURED",""
"RA02199","Seitenrotation A: Gezogener Code (199)","METRIC","MEASURED",""
"RA02200","Seitenrotation A: Gezogener Code (200)","METRIC","MEASURED",""
"RA02201","Seitenrotation A: Gezogener Code (201)","METRIC","MEASURED",""
"RA02202","Seitenrotation A: Gezogener Code (202)","METRIC","MEASURED",""
"RA02203","Seitenrotation A: Gezogener Code (203)","METRIC","MEASURED",""
"RA02204","Seitenrotation A: Gezogener Code (204)","METRIC","MEASURED",""
"RA02205","Seitenrotation A: Gezogener Code (205)","METRIC","MEASURED",""
"RA02206","Seitenrotation A: Gezogener Code (206)","METRIC","MEASURED",""
"RA02207","Seitenrotation A: Gezogener Code (207)","METRIC","MEASURED",""
"RA02208","Seitenrotation A: Gezogener Code (208)","METRIC","MEASURED",""
"RA02209","Seitenrotation A: Gezogener Code (209)","METRIC","MEASURED",""
"RA02210","Seitenrotation A: Gezogener Code (210)","METRIC","MEASURED",""
"RA02211","Seitenrotation A: Gezogener Code (211)","METRIC","MEASURED",""
"RA02212","Seitenrotation A: Gezogener Code (212)","METRIC","MEASURED",""
"RA02213","Seitenrotation A: Gezogener Code (213)","METRIC","MEASURED",""
"RA02214","Seitenrotation A: Gezogener Code (214)","METRIC","MEASURED",""
"RA02215","Seitenrotation A: Gezogener Code (215)","METRIC","MEASURED",""
"RA02216","Seitenrotation A: Gezogener Code (216)","METRIC","MEASURED",""
"RA02217","Seitenrotation A: Gezogener Code (217)","METRIC","MEASURED",""
"RA02218","Seitenrotation A: Gezogener Code (218)","METRIC","MEASURED",""
"RA02219","Seitenrotation A: Gezogener Code (219)","METRIC","MEASURED",""
"RA02220","Seitenrotation A: Gezogener Code (220)","METRIC","MEASURED",""
"RA02221","Seitenrotation A: Gezogener Code (221)","METRIC","MEASURED",""
"RA02222","Seitenrotation A: Gezogener Code (222)","METRIC","MEASURED",""
"RA02223","Seitenrotation A: Gezogener Code (223)","METRIC","MEASURED",""
"RA02224","Seitenrotation A: Gezogener Code (224)","METRIC","MEASURED",""
"RA02225","Seitenrotation A: Gezogener Code (225)","METRIC","MEASURED",""
"RA02226","Seitenrotation A: Gezogener Code (226)","METRIC","MEASURED",""
"RA02227","Seitenrotation A: Gezogener Code (227)","METRIC","MEASURED",""
"RA02228","Seitenrotation A: Gezogener Code (228)","METRIC","MEASURED",""
"RA02229","Seitenrotation A: Gezogener Code (229)","METRIC","MEASURED",""
"RA02230","Seitenrotation A: Gezogener Code (230)","METRIC","MEASURED",""
"RA02231","Seitenrotation A: Gezogener Code (231)","METRIC","MEASURED",""
"RA02232","Seitenrotation A: Gezogener Code (232)","METRIC","MEASURED",""
"RA02233","Seitenrotation A: Gezogener Code (233)","METRIC","MEASURED",""
"RA02234","Seitenrotation A: Gezogener Code (234)","METRIC","MEASURED",""
"RA02235","Seitenrotation A: Gezogener Code (235)","METRIC","MEASURED",""
"RA02236","Seitenrotation A: Gezogener Code (236)","METRIC","MEASURED",""
"RA02237","Seitenrotation A: Gezogener Code (237)","METRIC","MEASURED",""
"RA02238","Seitenrotation A: Gezogener Code (238)","METRIC","MEASURED",""
"RA02239","Seitenrotation A: Gezogener Code (239)","METRIC","MEASURED",""
"RA02240","Seitenrotation A: Gezogener Code (240)","METRIC","MEASURED",""
"RA02241","Seitenrotation A: Gezogener Code (241)","METRIC","MEASURED",""
"RA02242","Seitenrotation A: Gezogener Code (242)","METRIC","MEASURED",""
"RA02243","Seitenrotation A: Gezogener Code (243)","METRIC","MEASURED",""
"RA02244","Seitenrotation A: Gezogener Code (244)","METRIC","MEASURED",""
"RA02245","Seitenrotation A: Gezogener Code (245)","METRIC","MEASURED",""
"RA02246","Seitenrotation A: Gezogener Code (246)","METRIC","MEASURED",""
"RA02247","Seitenrotation A: Gezogener Code (247)","METRIC","MEASURED",""
"RA02248","Seitenrotation A: Gezogener Code (248)","METRIC","MEASURED",""
"RA02249","Seitenrotation A: Gezogener Code (249)","METRIC","MEASURED",""
"RA02250","Seitenrotation A: Gezogener Code (250)","METRIC","MEASURED",""
"RA02251","Seitenrotation A: Gezogener Code (251)","METRIC","MEASURED",""
"RA02252","Seitenrotation A: Gezogener Code (252)","METRIC","MEASURED",""
"RA02253","Seitenrotation A: Gezogener Code (253)","METRIC","MEASURED",""
"RA02254","Seitenrotation A: Gezogener Code (254)","METRIC","MEASURED",""
"RA02255","Seitenrotation A: Gezogener Code (255)","METRIC","MEASURED",""
"RA02256","Seitenrotation A: Gezogener Code (256)","METRIC","MEASURED",""
"RA02257","Seitenrotation A: Gezogener Code (257)","METRIC","MEASURED",""
"RA02258","Seitenrotation A: Gezogener Code (258)","METRIC","MEASURED",""
"RA02259","Seitenrotation A: Gezogener Code (259)","METRIC","MEASURED",""
"RA02260","Seitenrotation A: Gezogener Code (260)","METRIC","MEASURED",""
"RA02261","Seitenrotation A: Gezogener Code (261)","METRIC","MEASURED",""
"RA02262","Seitenrotation A: Gezogener Code (262)","METRIC","MEASURED",""
"RA02263","Seitenrotation A: Gezogener Code (263)","METRIC","MEASURED",""
"RA02264","Seitenrotation A: Gezogener Code (264)","METRIC","MEASURED",""
"RA02265","Seitenrotation A: Gezogener Code (265)","METRIC","MEASURED",""
"RA02266","Seitenrotation A: Gezogener Code (266)","METRIC","MEASURED",""
"RA02267","Seitenrotation A: Gezogener Code (267)","METRIC","MEASURED",""
"RA02268","Seitenrotation A: Gezogener Code (268)","METRIC","MEASURED",""
"RA02269","Seitenrotation A: Gezogener Code (269)","METRIC","MEASURED",""
"RA02270","Seitenrotation A: Gezogener Code (270)","METRIC","MEASURED",""
"RA02271","Seitenrotation A: Gezogener Code (271)","METRIC","MEASURED",""
"RA02272","Seitenrotation A: Gezogener Code (272)","METRIC","MEASURED",""
"RA02273","Seitenrotation A: Gezogener Code (273)","METRIC","MEASURED",""
"RA02274","Seitenrotation A: Gezogener Code (274)","METRIC","MEASURED",""
"RA02275","Seitenrotation A: Gezogener Code (275)","METRIC","MEASURED",""
"RA02276","Seitenrotation A: Gezogener Code (276)","METRIC","MEASURED",""
"RA02277","Seitenrotation A: Gezogener Code (277)","METRIC","MEASURED",""
"RA02278","Seitenrotation A: Gezogener Code (278)","METRIC","MEASURED",""
"RA02279","Seitenrotation A: Gezogener Code (279)","METRIC","MEASURED",""
"RA02280","Seitenrotation A: Gezogener Code (280)","METRIC","MEASURED",""
"RA02281","Seitenrotation A: Gezogener Code (281)","METRIC","MEASURED",""
"RA02282","Seitenrotation A: Gezogener Code (282)","METRIC","MEASURED",""
"RA02283","Seitenrotation A: Gezogener Code (283)","METRIC","MEASURED",""
"RA02284","Seitenrotation A: Gezogener Code (284)","METRIC","MEASURED",""
"RA03_CP","Seitenrotation fam: Vollständige Leerungen der Urne bisher","METRIC","MEASURED",""
"RA03x01","Seitenrotation fam: Gezogener Code (1)","METRIC","MEASURED",""
"RA03x02","Seitenrotation fam: Gezogener Code (2)","METRIC","MEASURED",""
"RA03x03","Seitenrotation fam: Gezogener Code (3)","METRIC","MEASURED",""
"RA03x04","Seitenrotation fam: Gezogener Code (4)","METRIC","MEASURED",""
"RA03x05","Seitenrotation fam: Gezogener Code (5)","METRIC","MEASURED",""
"RA03x06","Seitenrotation fam: Gezogener Code (6)","METRIC","MEASURED",""
"RA03x07","Seitenrotation fam: Gezogener Code (7)","METRIC","MEASURED",""
"RA03x08","Seitenrotation fam: Gezogener Code (8)","METRIC","MEASURED",""
"RA03x09","Seitenrotation fam: Gezogener Code (9)","METRIC","MEASURED",""
"RA03x10","Seitenrotation fam: Gezogener Code (10)","METRIC","MEASURED",""
"RA04_CP","Seitenrotation B: Vollständige Leerungen der Urne bisher","METRIC","MEASURED",""
"RA04x01","Seitenrotation B: Gezogener Code (1)","METRIC","MEASURED",""
"RA04x02","Seitenrotation B: Gezogener Code (2)","METRIC","MEASURED",""
"RA04x03","Seitenrotation B: Gezogener Code (3)","METRIC","MEASURED",""
"RA04x04","Seitenrotation B: Gezogener Code (4)","METRIC","MEASURED",""
"RA04x05","Seitenrotation B: Gezogener Code (5)","METRIC","MEASURED",""
"RA04x06","Seitenrotation B: Gezogener Code (6)","METRIC","MEASURED",""
"RA04x07","Seitenrotation B: Gezogener Code (7)","METRIC","MEASURED",""
"RA04x08","Seitenrotation B: Gezogener Code (8)","METRIC","MEASURED",""
"RA04x09","Seitenrotation B: Gezogener Code (9)","METRIC","MEASURED",""
"RA04x10","Seitenrotation B: Gezogener Code (10)","METRIC","MEASURED",""
"RA04x11","Seitenrotation B: Gezogener Code (11)","METRIC","MEASURED",""
"RA04x12","Seitenrotation B: Gezogener Code (12)","METRIC","MEASURED",""
"RA04x13","Seitenrotation B: Gezogener Code (13)","METRIC","MEASURED",""
"RA04x14","Seitenrotation B: Gezogener Code (14)","METRIC","MEASURED",""
"RA04x15","Seitenrotation B: Gezogener Code (15)","METRIC","MEASURED",""
"RA04x16","Seitenrotation B: Gezogener Code (16)","METRIC","MEASURED",""
"RA04x17","Seitenrotation B: Gezogener Code (17)","METRIC","MEASURED",""
"RA04x18","Seitenrotation B: Gezogener Code (18)","METRIC","MEASURED",""
"RA04x19","Seitenrotation B: Gezogener Code (19)","METRIC","MEASURED",""
"RA04x20","Seitenrotation B: Gezogener Code (20)","METRIC","MEASURED",""
"RA04x21","Seitenrotation B: Gezogener Code (21)","METRIC","MEASURED",""
"RA04x22","Seitenrotation B: Gezogener Code (22)","METRIC","MEASURED",""
"RA04x23","Seitenrotation B: Gezogener Code (23)","METRIC","MEASURED",""
"RA04x24","Seitenrotation B: Gezogener Code (24)","METRIC","MEASURED",""
"RA04x25","Seitenrotation B: Gezogener Code (25)","METRIC","MEASURED",""
"RA04x26","Seitenrotation B: Gezogener Code (26)","METRIC","MEASURED",""
"RA04x27","Seitenrotation B: Gezogener Code (27)","METRIC","MEASURED",""
"RA04x28","Seitenrotation B: Gezogener Code (28)","METRIC","MEASURED",""
"RA04x29","Seitenrotation B: Gezogener Code (29)","METRIC","MEASURED",""
"RA04x30","Seitenrotation B: Gezogener Code (30)","METRIC","MEASURED",""
"RA04x31","Seitenrotation B: Gezogener Code (31)","METRIC","MEASURED",""
"RA04x32","Seitenrotation B: Gezogener Code (32)","METRIC","MEASURED",""
"RA04x33","Seitenrotation B: Gezogener Code (33)","METRIC","MEASURED",""
"RA04x34","Seitenrotation B: Gezogener Code (34)","METRIC","MEASURED",""
"RA04x35","Seitenrotation B: Gezogener Code (35)","METRIC","MEASURED",""
"RA04x36","Seitenrotation B: Gezogener Code (36)","METRIC","MEASURED",""
"RA04x37","Seitenrotation B: Gezogener Code (37)","METRIC","MEASURED",""
"RA04x38","Seitenrotation B: Gezogener Code (38)","METRIC","MEASURED",""
"RA04x39","Seitenrotation B: Gezogener Code (39)","METRIC","MEASURED",""
"RA04x40","Seitenrotation B: Gezogener Code (40)","METRIC","MEASURED",""
"RA04x41","Seitenrotation B: Gezogener Code (41)","METRIC","MEASURED",""
"RA04x42","Seitenrotation B: Gezogener Code (42)","METRIC","MEASURED",""
"RA04x43","Seitenrotation B: Gezogener Code (43)","METRIC","MEASURED",""
"RA04x44","Seitenrotation B: Gezogener Code (44)","METRIC","MEASURED",""
"RA04x45","Seitenrotation B: Gezogener Code (45)","METRIC","MEASURED",""
"RA04x46","Seitenrotation B: Gezogener Code (46)","METRIC","MEASURED",""
"RA04x47","Seitenrotation B: Gezogener Code (47)","METRIC","MEASURED",""
"RA04x48","Seitenrotation B: Gezogener Code (48)","METRIC","MEASURED",""
"RA04x49","Seitenrotation B: Gezogener Code (49)","METRIC","MEASURED",""
"RA04x50","Seitenrotation B: Gezogener Code (50)","METRIC","MEASURED",""
"RA04x51","Seitenrotation B: Gezogener Code (51)","METRIC","MEASURED",""
"RA04x52","Seitenrotation B: Gezogener Code (52)","METRIC","MEASURED",""
"RA04x53","Seitenrotation B: Gezogener Code (53)","METRIC","MEASURED",""
"RA04x54","Seitenrotation B: Gezogener Code (54)","METRIC","MEASURED",""
"RA04x55","Seitenrotation B: Gezogener Code (55)","METRIC","MEASURED",""
"RA04x56","Seitenrotation B: Gezogener Code (56)","METRIC","MEASURED",""
"RA04x57","Seitenrotation B: Gezogener Code (57)","METRIC","MEASURED",""
"RA04x58","Seitenrotation B: Gezogener Code (58)","METRIC","MEASURED",""
"RA04x59","Seitenrotation B: Gezogener Code (59)","METRIC","MEASURED",""
"RA04x60","Seitenrotation B: Gezogener Code (60)","METRIC","MEASURED",""
"RA04x61","Seitenrotation B: Gezogener Code (61)","METRIC","MEASURED",""
"RA04x62","Seitenrotation B: Gezogener Code (62)","METRIC","MEASURED",""
"RA04x63","Seitenrotation B: Gezogener Code (63)","METRIC","MEASURED",""
"RA04x64","Seitenrotation B: Gezogener Code (64)","METRIC","MEASURED",""
"RA04x65","Seitenrotation B: Gezogener Code (65)","METRIC","MEASURED",""
"RA04x66","Seitenrotation B: Gezogener Code (66)","METRIC","MEASURED",""
"RA04x67","Seitenrotation B: Gezogener Code (67)","METRIC","MEASURED",""
"RA04x68","Seitenrotation B: Gezogener Code (68)","METRIC","MEASURED",""
"RA04x69","Seitenrotation B: Gezogener Code (69)","METRIC","MEASURED",""
"RA04x70","Seitenrotation B: Gezogener Code (70)","METRIC","MEASURED",""
"RA04x71","Seitenrotation B: Gezogener Code (71)","METRIC","MEASURED",""
"RA04x72","Seitenrotation B: Gezogener Code (72)","METRIC","MEASURED",""
"RA04x73","Seitenrotation B: Gezogener Code (73)","METRIC","MEASURED",""
"RA04x74","Seitenrotation B: Gezogener Code (74)","METRIC","MEASURED",""
"RA04x75","Seitenrotation B: Gezogener Code (75)","METRIC","MEASURED",""
"RA04x76","Seitenrotation B: Gezogener Code (76)","METRIC","MEASURED",""
"RA04x77","Seitenrotation B: Gezogener Code (77)","METRIC","MEASURED",""
"RA04x78","Seitenrotation B: Gezogener Code (78)","METRIC","MEASURED",""
"RA04x79","Seitenrotation B: Gezogener Code (79)","METRIC","MEASURED",""
"RA04x80","Seitenrotation B: Gezogener Code (80)","METRIC","MEASURED",""
"RA04x81","Seitenrotation B: Gezogener Code (81)","METRIC","MEASURED",""
"RA04x82","Seitenrotation B: Gezogener Code (82)","METRIC","MEASURED",""
"RA04x83","Seitenrotation B: Gezogener Code (83)","METRIC","MEASURED",""
"RA04x84","Seitenrotation B: Gezogener Code (84)","METRIC","MEASURED",""
"RA04x85","Seitenrotation B: Gezogener Code (85)","METRIC","MEASURED",""
"RA04x86","Seitenrotation B: Gezogener Code (86)","METRIC","MEASURED",""
"RA04x87","Seitenrotation B: Gezogener Code (87)","METRIC","MEASURED",""
"RA04x88","Seitenrotation B: Gezogener Code (88)","METRIC","MEASURED",""
"RA04x89","Seitenrotation B: Gezogener Code (89)","METRIC","MEASURED",""
"RA04x90","Seitenrotation B: Gezogener Code (90)","METRIC","MEASURED",""
"RA04x91","Seitenrotation B: Gezogener Code (91)","METRIC","MEASURED",""
"RA04x92","Seitenrotation B: Gezogener Code (92)","METRIC","MEASURED",""
"RA04x93","Seitenrotation B: Gezogener Code (93)","METRIC","MEASURED",""
"RA04x94","Seitenrotation B: Gezogener Code (94)","METRIC","MEASURED",""
"RA04x95","Seitenrotation B: Gezogener Code (95)","METRIC","MEASURED",""
"RA04x96","Seitenrotation B: Gezogener Code (96)","METRIC","MEASURED",""
"RA04x97","Seitenrotation B: Gezogener Code (97)","METRIC","MEASURED",""
"RA04x98","Seitenrotation B: Gezogener Code (98)","METRIC","MEASURED",""
"RA04x99","Seitenrotation B: Gezogener Code (99)","METRIC","MEASURED",""
"RA04100","Seitenrotation B: Gezogener Code (100)","METRIC","MEASURED",""
"RA04101","Seitenrotation B: Gezogener Code (101)","METRIC","MEASURED",""
"RA04102","Seitenrotation B: Gezogener Code (102)","METRIC","MEASURED",""
"RA04103","Seitenrotation B: Gezogener Code (103)","METRIC","MEASURED",""
"RA04104","Seitenrotation B: Gezogener Code (104)","METRIC","MEASURED",""
"RA04105","Seitenrotation B: Gezogener Code (105)","METRIC","MEASURED",""
"RA04106","Seitenrotation B: Gezogener Code (106)","METRIC","MEASURED",""
"RA04107","Seitenrotation B: Gezogener Code (107)","METRIC","MEASURED",""
"RA04108","Seitenrotation B: Gezogener Code (108)","METRIC","MEASURED",""
"RA04109","Seitenrotation B: Gezogener Code (109)","METRIC","MEASURED",""
"RA04110","Seitenrotation B: Gezogener Code (110)","METRIC","MEASURED",""
"RA04111","Seitenrotation B: Gezogener Code (111)","METRIC","MEASURED",""
"RA04112","Seitenrotation B: Gezogener Code (112)","METRIC","MEASURED",""
"RA04113","Seitenrotation B: Gezogener Code (113)","METRIC","MEASURED",""
"RA04114","Seitenrotation B: Gezogener Code (114)","METRIC","MEASURED",""
"RA04115","Seitenrotation B: Gezogener Code (115)","METRIC","MEASURED",""
"RA04116","Seitenrotation B: Gezogener Code (116)","METRIC","MEASURED",""
"RA04117","Seitenrotation B: Gezogener Code (117)","METRIC","MEASURED",""
"RA04118","Seitenrotation B: Gezogener Code (118)","METRIC","MEASURED",""
"RA04119","Seitenrotation B: Gezogener Code (119)","METRIC","MEASURED",""
"RA04120","Seitenrotation B: Gezogener Code (120)","METRIC","MEASURED",""
"RA04121","Seitenrotation B: Gezogener Code (121)","METRIC","MEASURED",""
"RA04122","Seitenrotation B: Gezogener Code (122)","METRIC","MEASURED",""
"RA04123","Seitenrotation B: Gezogener Code (123)","METRIC","MEASURED",""
"RA04124","Seitenrotation B: Gezogener Code (124)","METRIC","MEASURED",""
"RA04125","Seitenrotation B: Gezogener Code (125)","METRIC","MEASURED",""
"RA04126","Seitenrotation B: Gezogener Code (126)","METRIC","MEASURED",""
"RA04127","Seitenrotation B: Gezogener Code (127)","METRIC","MEASURED",""
"RA04128","Seitenrotation B: Gezogener Code (128)","METRIC","MEASURED",""
"RA04129","Seitenrotation B: Gezogener Code (129)","METRIC","MEASURED",""
"RA04130","Seitenrotation B: Gezogener Code (130)","METRIC","MEASURED",""
"RA04131","Seitenrotation B: Gezogener Code (131)","METRIC","MEASURED",""
"RA04132","Seitenrotation B: Gezogener Code (132)","METRIC","MEASURED",""
"RA04133","Seitenrotation B: Gezogener Code (133)","METRIC","MEASURED",""
"RA04134","Seitenrotation B: Gezogener Code (134)","METRIC","MEASURED",""
"RA04135","Seitenrotation B: Gezogener Code (135)","METRIC","MEASURED",""
"RA04136","Seitenrotation B: Gezogener Code (136)","METRIC","MEASURED",""
"RA04137","Seitenrotation B: Gezogener Code (137)","METRIC","MEASURED",""
"RA04138","Seitenrotation B: Gezogener Code (138)","METRIC","MEASURED",""
"RA04139","Seitenrotation B: Gezogener Code (139)","METRIC","MEASURED",""
"RA04140","Seitenrotation B: Gezogener Code (140)","METRIC","MEASURED",""
"RA04141","Seitenrotation B: Gezogener Code (141)","METRIC","MEASURED",""
"RA04142","Seitenrotation B: Gezogener Code (142)","METRIC","MEASURED",""
"RA04143","Seitenrotation B: Gezogener Code (143)","METRIC","MEASURED",""
"RA04144","Seitenrotation B: Gezogener Code (144)","METRIC","MEASURED",""
"RA04145","Seitenrotation B: Gezogener Code (145)","METRIC","MEASURED",""
"RA04146","Seitenrotation B: Gezogener Code (146)","METRIC","MEASURED",""
"RA04147","Seitenrotation B: Gezogener Code (147)","METRIC","MEASURED",""
"RA04148","Seitenrotation B: Gezogener Code (148)","METRIC","MEASURED",""
"RA04149","Seitenrotation B: Gezogener Code (149)","METRIC","MEASURED",""
"RA04150","Seitenrotation B: Gezogener Code (150)","METRIC","MEASURED",""
"RA04151","Seitenrotation B: Gezogener Code (151)","METRIC","MEASURED",""
"RA04152","Seitenrotation B: Gezogener Code (152)","METRIC","MEASURED",""
"RA04153","Seitenrotation B: Gezogener Code (153)","METRIC","MEASURED",""
"RA04154","Seitenrotation B: Gezogener Code (154)","METRIC","MEASURED",""
"RA04155","Seitenrotation B: Gezogener Code (155)","METRIC","MEASURED",""
"RA04156","Seitenrotation B: Gezogener Code (156)","METRIC","MEASURED",""
"RA04157","Seitenrotation B: Gezogener Code (157)","METRIC","MEASURED",""
"RA04158","Seitenrotation B: Gezogener Code (158)","METRIC","MEASURED",""
"RA04159","Seitenrotation B: Gezogener Code (159)","METRIC","MEASURED",""
"RA04160","Seitenrotation B: Gezogener Code (160)","METRIC","MEASURED",""
"RA04161","Seitenrotation B: Gezogener Code (161)","METRIC","MEASURED",""
"RA04162","Seitenrotation B: Gezogener Code (162)","METRIC","MEASURED",""
"RA04163","Seitenrotation B: Gezogener Code (163)","METRIC","MEASURED",""
"RA04164","Seitenrotation B: Gezogener Code (164)","METRIC","MEASURED",""
"RA04165","Seitenrotation B: Gezogener Code (165)","METRIC","MEASURED",""
"RA04166","Seitenrotation B: Gezogener Code (166)","METRIC","MEASURED",""
"RA04167","Seitenrotation B: Gezogener Code (167)","METRIC","MEASURED",""
"RA04168","Seitenrotation B: Gezogener Code (168)","METRIC","MEASURED",""
"RA04169","Seitenrotation B: Gezogener Code (169)","METRIC","MEASURED",""
"RA04170","Seitenrotation B: Gezogener Code (170)","METRIC","MEASURED",""
"RA04171","Seitenrotation B: Gezogener Code (171)","METRIC","MEASURED",""
"RA04172","Seitenrotation B: Gezogener Code (172)","METRIC","MEASURED",""
"RA04173","Seitenrotation B: Gezogener Code (173)","METRIC","MEASURED",""
"RA04174","Seitenrotation B: Gezogener Code (174)","METRIC","MEASURED",""
"RA04175","Seitenrotation B: Gezogener Code (175)","METRIC","MEASURED",""
"RA04176","Seitenrotation B: Gezogener Code (176)","METRIC","MEASURED",""
"RA04177","Seitenrotation B: Gezogener Code (177)","METRIC","MEASURED",""
"RA04178","Seitenrotation B: Gezogener Code (178)","METRIC","MEASURED",""
"RA04179","Seitenrotation B: Gezogener Code (179)","METRIC","MEASURED",""
"RA04180","Seitenrotation B: Gezogener Code (180)","METRIC","MEASURED",""
"RA04181","Seitenrotation B: Gezogener Code (181)","METRIC","MEASURED",""
"RA04182","Seitenrotation B: Gezogener Code (182)","METRIC","MEASURED",""
"RA04183","Seitenrotation B: Gezogener Code (183)","METRIC","MEASURED",""
"RA04184","Seitenrotation B: Gezogener Code (184)","METRIC","MEASURED",""
"RA04185","Seitenrotation B: Gezogener Code (185)","METRIC","MEASURED",""
"RA04186","Seitenrotation B: Gezogener Code (186)","METRIC","MEASURED",""
"RA04187","Seitenrotation B: Gezogener Code (187)","METRIC","MEASURED",""
"RA04188","Seitenrotation B: Gezogener Code (188)","METRIC","MEASURED",""
"RA04189","Seitenrotation B: Gezogener Code (189)","METRIC","MEASURED",""
"RA04190","Seitenrotation B: Gezogener Code (190)","METRIC","MEASURED",""
"RA04191","Seitenrotation B: Gezogener Code (191)","METRIC","MEASURED",""
"RA04192","Seitenrotation B: Gezogener Code (192)","METRIC","MEASURED",""
"RA04193","Seitenrotation B: Gezogener Code (193)","METRIC","MEASURED",""
"RA04194","Seitenrotation B: Gezogener Code (194)","METRIC","MEASURED",""
"RA04195","Seitenrotation B: Gezogener Code (195)","METRIC","MEASURED",""
"RA04196","Seitenrotation B: Gezogener Code (196)","METRIC","MEASURED",""
"RA04197","Seitenrotation B: Gezogener Code (197)","METRIC","MEASURED",""
"RA04198","Seitenrotation B: Gezogener Code (198)","METRIC","MEASURED",""
"RA04199","Seitenrotation B: Gezogener Code (199)","METRIC","MEASURED",""
"RA04200","Seitenrotation B: Gezogener Code (200)","METRIC","MEASURED",""
"RA04201","Seitenrotation B: Gezogener Code (201)","METRIC","MEASURED",""
"RA04202","Seitenrotation B: Gezogener Code (202)","METRIC","MEASURED",""
"RA04203","Seitenrotation B: Gezogener Code (203)","METRIC","MEASURED",""
"RA04204","Seitenrotation B: Gezogener Code (204)","METRIC","MEASURED",""
"RA04205","Seitenrotation B: Gezogener Code (205)","METRIC","MEASURED",""
"RA04206","Seitenrotation B: Gezogener Code (206)","METRIC","MEASURED",""
"RA04207","Seitenrotation B: Gezogener Code (207)","METRIC","MEASURED",""
"RA04208","Seitenrotation B: Gezogener Code (208)","METRIC","MEASURED",""
"RA04209","Seitenrotation B: Gezogener Code (209)","METRIC","MEASURED",""
"RA04210","Seitenrotation B: Gezogener Code (210)","METRIC","MEASURED",""
"RA04211","Seitenrotation B: Gezogener Code (211)","METRIC","MEASURED",""
"RA04212","Seitenrotation B: Gezogener Code (212)","METRIC","MEASURED",""
"RA04213","Seitenrotation B: Gezogener Code (213)","METRIC","MEASURED",""
"RA04214","Seitenrotation B: Gezogener Code (214)","METRIC","MEASURED",""
"RA04215","Seitenrotation B: Gezogener Code (215)","METRIC","MEASURED",""
"RA04216","Seitenrotation B: Gezogener Code (216)","METRIC","MEASURED",""
"RA04217","Seitenrotation B: Gezogener Code (217)","METRIC","MEASURED",""
"RA04218","Seitenrotation B: Gezogener Code (218)","METRIC","MEASURED",""
"RA04219","Seitenrotation B: Gezogener Code (219)","METRIC","MEASURED",""
"RA04220","Seitenrotation B: Gezogener Code (220)","METRIC","MEASURED",""
"RA04221","Seitenrotation B: Gezogener Code (221)","METRIC","MEASURED",""
"RA04222","Seitenrotation B: Gezogener Code (222)","METRIC","MEASURED",""
"RA04223","Seitenrotation B: Gezogener Code (223)","METRIC","MEASURED",""
"RA04224","Seitenrotation B: Gezogener Code (224)","METRIC","MEASURED",""
"RA04225","Seitenrotation B: Gezogener Code (225)","METRIC","MEASURED",""
"RA04226","Seitenrotation B: Gezogener Code (226)","METRIC","MEASURED",""
"RA04227","Seitenrotation B: Gezogener Code (227)","METRIC","MEASURED",""
"RA04228","Seitenrotation B: Gezogener Code (228)","METRIC","MEASURED",""
"RA04229","Seitenrotation B: Gezogener Code (229)","METRIC","MEASURED",""
"RA04230","Seitenrotation B: Gezogener Code (230)","METRIC","MEASURED",""
"RA04231","Seitenrotation B: Gezogener Code (231)","METRIC","MEASURED",""
"RA04232","Seitenrotation B: Gezogener Code (232)","METRIC","MEASURED",""
"RA04233","Seitenrotation B: Gezogener Code (233)","METRIC","MEASURED",""
"RA04234","Seitenrotation B: Gezogener Code (234)","METRIC","MEASURED",""
"RA04235","Seitenrotation B: Gezogener Code (235)","METRIC","MEASURED",""
"RA04236","Seitenrotation B: Gezogener Code (236)","METRIC","MEASURED",""
"RA04237","Seitenrotation B: Gezogener Code (237)","METRIC","MEASURED",""
"RA04238","Seitenrotation B: Gezogener Code (238)","METRIC","MEASURED",""
"RA04239","Seitenrotation B: Gezogener Code (239)","METRIC","MEASURED",""
"RA04240","Seitenrotation B: Gezogener Code (240)","METRIC","MEASURED",""
"RA04241","Seitenrotation B: Gezogener Code (241)","METRIC","MEASURED",""
"RA04242","Seitenrotation B: Gezogener Code (242)","METRIC","MEASURED",""
"RA04243","Seitenrotation B: Gezogener Code (243)","METRIC","MEASURED",""
"RA04244","Seitenrotation B: Gezogener Code (244)","METRIC","MEASURED",""
"RA04245","Seitenrotation B: Gezogener Code (245)","METRIC","MEASURED",""
"RA04246","Seitenrotation B: Gezogener Code (246)","METRIC","MEASURED",""
"RA04247","Seitenrotation B: Gezogener Code (247)","METRIC","MEASURED",""
"RA04248","Seitenrotation B: Gezogener Code (248)","METRIC","MEASURED",""
"RA04249","Seitenrotation B: Gezogener Code (249)","METRIC","MEASURED",""
"RA04250","Seitenrotation B: Gezogener Code (250)","METRIC","MEASURED",""
"RA04251","Seitenrotation B: Gezogener Code (251)","METRIC","MEASURED",""
"RA04252","Seitenrotation B: Gezogener Code (252)","METRIC","MEASURED",""
"RA04253","Seitenrotation B: Gezogener Code (253)","METRIC","MEASURED",""
"RA04254","Seitenrotation B: Gezogener Code (254)","METRIC","MEASURED",""
"RA04255","Seitenrotation B: Gezogener Code (255)","METRIC","MEASURED",""
"RA04256","Seitenrotation B: Gezogener Code (256)","METRIC","MEASURED",""
"RA04257","Seitenrotation B: Gezogener Code (257)","METRIC","MEASURED",""
"RA04258","Seitenrotation B: Gezogener Code (258)","METRIC","MEASURED",""
"RA04259","Seitenrotation B: Gezogener Code (259)","METRIC","MEASURED",""
"RA04260","Seitenrotation B: Gezogener Code (260)","METRIC","MEASURED",""
"RA04261","Seitenrotation B: Gezogener Code (261)","METRIC","MEASURED",""
"RA04262","Seitenrotation B: Gezogener Code (262)","METRIC","MEASURED",""
"RA04263","Seitenrotation B: Gezogener Code (263)","METRIC","MEASURED",""
"RA04264","Seitenrotation B: Gezogener Code (264)","METRIC","MEASURED",""
"RA04265","Seitenrotation B: Gezogener Code (265)","METRIC","MEASURED",""
"RA04266","Seitenrotation B: Gezogener Code (266)","METRIC","MEASURED",""
"RA04267","Seitenrotation B: Gezogener Code (267)","METRIC","MEASURED",""
"RA04268","Seitenrotation B: Gezogener Code (268)","METRIC","MEASURED",""
"RA04269","Seitenrotation B: Gezogener Code (269)","METRIC","MEASURED",""
"RA04270","Seitenrotation B: Gezogener Code (270)","METRIC","MEASURED",""
"RA04271","Seitenrotation B: Gezogener Code (271)","METRIC","MEASURED",""
"RA04272","Seitenrotation B: Gezogener Code (272)","METRIC","MEASURED",""
"RA04273","Seitenrotation B: Gezogener Code (273)","METRIC","MEASURED",""
"RA04274","Seitenrotation B: Gezogener Code (274)","METRIC","MEASURED",""
"RA04275","Seitenrotation B: Gezogener Code (275)","METRIC","MEASURED",""
"RA04276","Seitenrotation B: Gezogener Code (276)","METRIC","MEASURED",""
"RA04277","Seitenrotation B: Gezogener Code (277)","METRIC","MEASURED",""
"RA04278","Seitenrotation B: Gezogener Code (278)","METRIC","MEASURED",""
"RA04279","Seitenrotation B: Gezogener Code (279)","METRIC","MEASURED",""
"RA04280","Seitenrotation B: Gezogener Code (280)","METRIC","MEASURED",""
"RA04281","Seitenrotation B: Gezogener Code (281)","METRIC","MEASURED",""
"RA04282","Seitenrotation B: Gezogener Code (282)","METRIC","MEASURED",""
"RA04283","Seitenrotation B: Gezogener Code (283)","METRIC","MEASURED",""
"RA04284","Seitenrotation B: Gezogener Code (284)","METRIC","MEASURED",""
"RA05_CP","Seitenrotation C: Vollständige Leerungen der Urne bisher","METRIC","MEASURED",""
"RA05x01","Seitenrotation C: Gezogener Code (1)","METRIC","MEASURED",""
"RA05x02","Seitenrotation C: Gezogener Code (2)","METRIC","MEASURED",""
"RA05x03","Seitenrotation C: Gezogener Code (3)","METRIC","MEASURED",""
"RA05x04","Seitenrotation C: Gezogener Code (4)","METRIC","MEASURED",""
"RA05x05","Seitenrotation C: Gezogener Code (5)","METRIC","MEASURED",""
"RA05x06","Seitenrotation C: Gezogener Code (6)","METRIC","MEASURED",""
"RA05x07","Seitenrotation C: Gezogener Code (7)","METRIC","MEASURED",""
"RA05x08","Seitenrotation C: Gezogener Code (8)","METRIC","MEASURED",""
"RA05x09","Seitenrotation C: Gezogener Code (9)","METRIC","MEASURED",""
"RA05x10","Seitenrotation C: Gezogener Code (10)","METRIC","MEASURED",""
"RA05x11","Seitenrotation C: Gezogener Code (11)","METRIC","MEASURED",""
"RA05x12","Seitenrotation C: Gezogener Code (12)","METRIC","MEASURED",""
"RA05x13","Seitenrotation C: Gezogener Code (13)","METRIC","MEASURED",""
"RA05x14","Seitenrotation C: Gezogener Code (14)","METRIC","MEASURED",""
"RA05x15","Seitenrotation C: Gezogener Code (15)","METRIC","MEASURED",""
"RA05x16","Seitenrotation C: Gezogener Code (16)","METRIC","MEASURED",""
"RA05x17","Seitenrotation C: Gezogener Code (17)","METRIC","MEASURED",""
"RA05x18","Seitenrotation C: Gezogener Code (18)","METRIC","MEASURED",""
"RA05x19","Seitenrotation C: Gezogener Code (19)","METRIC","MEASURED",""
"RA05x20","Seitenrotation C: Gezogener Code (20)","METRIC","MEASURED",""
"RA05x21","Seitenrotation C: Gezogener Code (21)","METRIC","MEASURED",""
"RA05x22","Seitenrotation C: Gezogener Code (22)","METRIC","MEASURED",""
"RA05x23","Seitenrotation C: Gezogener Code (23)","METRIC","MEASURED",""
"RA05x24","Seitenrotation C: Gezogener Code (24)","METRIC","MEASURED",""
"RA05x25","Seitenrotation C: Gezogener Code (25)","METRIC","MEASURED",""
"RA05x26","Seitenrotation C: Gezogener Code (26)","METRIC","MEASURED",""
"RA05x27","Seitenrotation C: Gezogener Code (27)","METRIC","MEASURED",""
"RA05x28","Seitenrotation C: Gezogener Code (28)","METRIC","MEASURED",""
"RA05x29","Seitenrotation C: Gezogener Code (29)","METRIC","MEASURED",""
"RA05x30","Seitenrotation C: Gezogener Code (30)","METRIC","MEASURED",""
"RA05x31","Seitenrotation C: Gezogener Code (31)","METRIC","MEASURED",""
"RA05x32","Seitenrotation C: Gezogener Code (32)","METRIC","MEASURED",""
"RA05x33","Seitenrotation C: Gezogener Code (33)","METRIC","MEASURED",""
"RA05x34","Seitenrotation C: Gezogener Code (34)","METRIC","MEASURED",""
"RA05x35","Seitenrotation C: Gezogener Code (35)","METRIC","MEASURED",""
"RA05x36","Seitenrotation C: Gezogener Code (36)","METRIC","MEASURED",""
"RA05x37","Seitenrotation C: Gezogener Code (37)","METRIC","MEASURED",""
"RA05x38","Seitenrotation C: Gezogener Code (38)","METRIC","MEASURED",""
"RA05x39","Seitenrotation C: Gezogener Code (39)","METRIC","MEASURED",""
"RA05x40","Seitenrotation C: Gezogener Code (40)","METRIC","MEASURED",""
"RA05x41","Seitenrotation C: Gezogener Code (41)","METRIC","MEASURED",""
"RA05x42","Seitenrotation C: Gezogener Code (42)","METRIC","MEASURED",""
"RA05x43","Seitenrotation C: Gezogener Code (43)","METRIC","MEASURED",""
"RA05x44","Seitenrotation C: Gezogener Code (44)","METRIC","MEASURED",""
"RA05x45","Seitenrotation C: Gezogener Code (45)","METRIC","MEASURED",""
"RA05x46","Seitenrotation C: Gezogener Code (46)","METRIC","MEASURED",""
"RA05x47","Seitenrotation C: Gezogener Code (47)","METRIC","MEASURED",""
"RA05x48","Seitenrotation C: Gezogener Code (48)","METRIC","MEASURED",""
"RA05x49","Seitenrotation C: Gezogener Code (49)","METRIC","MEASURED",""
"RA05x50","Seitenrotation C: Gezogener Code (50)","METRIC","MEASURED",""
"RA05x51","Seitenrotation C: Gezogener Code (51)","METRIC","MEASURED",""
"RA05x52","Seitenrotation C: Gezogener Code (52)","METRIC","MEASURED",""
"RA05x53","Seitenrotation C: Gezogener Code (53)","METRIC","MEASURED",""
"RA05x54","Seitenrotation C: Gezogener Code (54)","METRIC","MEASURED",""
"RA05x55","Seitenrotation C: Gezogener Code (55)","METRIC","MEASURED",""
"RA05x56","Seitenrotation C: Gezogener Code (56)","METRIC","MEASURED",""
"RA05x57","Seitenrotation C: Gezogener Code (57)","METRIC","MEASURED",""
"RA05x58","Seitenrotation C: Gezogener Code (58)","METRIC","MEASURED",""
"RA05x59","Seitenrotation C: Gezogener Code (59)","METRIC","MEASURED",""
"RA05x60","Seitenrotation C: Gezogener Code (60)","METRIC","MEASURED",""
"RA05x61","Seitenrotation C: Gezogener Code (61)","METRIC","MEASURED",""
"RA05x62","Seitenrotation C: Gezogener Code (62)","METRIC","MEASURED",""
"RA05x63","Seitenrotation C: Gezogener Code (63)","METRIC","MEASURED",""
"RA05x64","Seitenrotation C: Gezogener Code (64)","METRIC","MEASURED",""
"RA05x65","Seitenrotation C: Gezogener Code (65)","METRIC","MEASURED",""
"RA05x66","Seitenrotation C: Gezogener Code (66)","METRIC","MEASURED",""
"RA05x67","Seitenrotation C: Gezogener Code (67)","METRIC","MEASURED",""
"RA05x68","Seitenrotation C: Gezogener Code (68)","METRIC","MEASURED",""
"RA05x69","Seitenrotation C: Gezogener Code (69)","METRIC","MEASURED",""
"RA05x70","Seitenrotation C: Gezogener Code (70)","METRIC","MEASURED",""
"RA05x71","Seitenrotation C: Gezogener Code (71)","METRIC","MEASURED",""
"RA05x72","Seitenrotation C: Gezogener Code (72)","METRIC","MEASURED",""
"RA05x73","Seitenrotation C: Gezogener Code (73)","METRIC","MEASURED",""
"RA05x74","Seitenrotation C: Gezogener Code (74)","METRIC","MEASURED",""
"RA05x75","Seitenrotation C: Gezogener Code (75)","METRIC","MEASURED",""
"RA05x76","Seitenrotation C: Gezogener Code (76)","METRIC","MEASURED",""
"RA05x77","Seitenrotation C: Gezogener Code (77)","METRIC","MEASURED",""
"RA05x78","Seitenrotation C: Gezogener Code (78)","METRIC","MEASURED",""
"RA05x79","Seitenrotation C: Gezogener Code (79)","METRIC","MEASURED",""
"RA05x80","Seitenrotation C: Gezogener Code (80)","METRIC","MEASURED",""
"RA05x81","Seitenrotation C: Gezogener Code (81)","METRIC","MEASURED",""
"RA05x82","Seitenrotation C: Gezogener Code (82)","METRIC","MEASURED",""
"RA05x83","Seitenrotation C: Gezogener Code (83)","METRIC","MEASURED",""
"RA05x84","Seitenrotation C: Gezogener Code (84)","METRIC","MEASURED",""
"RA05x85","Seitenrotation C: Gezogener Code (85)","METRIC","MEASURED",""
"RA05x86","Seitenrotation C: Gezogener Code (86)","METRIC","MEASURED",""
"RA05x87","Seitenrotation C: Gezogener Code (87)","METRIC","MEASURED",""
"RA05x88","Seitenrotation C: Gezogener Code (88)","METRIC","MEASURED",""
"RA05x89","Seitenrotation C: Gezogener Code (89)","METRIC","MEASURED",""
"RA05x90","Seitenrotation C: Gezogener Code (90)","METRIC","MEASURED",""
"RA05x91","Seitenrotation C: Gezogener Code (91)","METRIC","MEASURED",""
"RA05x92","Seitenrotation C: Gezogener Code (92)","METRIC","MEASURED",""
"RA05x93","Seitenrotation C: Gezogener Code (93)","METRIC","MEASURED",""
"RA05x94","Seitenrotation C: Gezogener Code (94)","METRIC","MEASURED",""
"RA05x95","Seitenrotation C: Gezogener Code (95)","METRIC","MEASURED",""
"RA05x96","Seitenrotation C: Gezogener Code (96)","METRIC","MEASURED",""
"RA05x97","Seitenrotation C: Gezogener Code (97)","METRIC","MEASURED",""
"RA05x98","Seitenrotation C: Gezogener Code (98)","METRIC","MEASURED",""
"RA05x99","Seitenrotation C: Gezogener Code (99)","METRIC","MEASURED",""
"RA05100","Seitenrotation C: Gezogener Code (100)","METRIC","MEASURED",""
"RA05101","Seitenrotation C: Gezogener Code (101)","METRIC","MEASURED",""
"RA05102","Seitenrotation C: Gezogener Code (102)","METRIC","MEASURED",""
"RA05103","Seitenrotation C: Gezogener Code (103)","METRIC","MEASURED",""
"RA05104","Seitenrotation C: Gezogener Code (104)","METRIC","MEASURED",""
"RA05105","Seitenrotation C: Gezogener Code (105)","METRIC","MEASURED",""
"RA05106","Seitenrotation C: Gezogener Code (106)","METRIC","MEASURED",""
"RA05107","Seitenrotation C: Gezogener Code (107)","METRIC","MEASURED",""
"RA05108","Seitenrotation C: Gezogener Code (108)","METRIC","MEASURED",""
"RA05109","Seitenrotation C: Gezogener Code (109)","METRIC","MEASURED",""
"RA05110","Seitenrotation C: Gezogener Code (110)","METRIC","MEASURED",""
"RA05111","Seitenrotation C: Gezogener Code (111)","METRIC","MEASURED",""
"RA05112","Seitenrotation C: Gezogener Code (112)","METRIC","MEASURED",""
"RA05113","Seitenrotation C: Gezogener Code (113)","METRIC","MEASURED",""
"RA05114","Seitenrotation C: Gezogener Code (114)","METRIC","MEASURED",""
"RA05115","Seitenrotation C: Gezogener Code (115)","METRIC","MEASURED",""
"RA05116","Seitenrotation C: Gezogener Code (116)","METRIC","MEASURED",""
"RA05117","Seitenrotation C: Gezogener Code (117)","METRIC","MEASURED",""
"RA05118","Seitenrotation C: Gezogener Code (118)","METRIC","MEASURED",""
"RA05119","Seitenrotation C: Gezogener Code (119)","METRIC","MEASURED",""
"RA05120","Seitenrotation C: Gezogener Code (120)","METRIC","MEASURED",""
"RA05121","Seitenrotation C: Gezogener Code (121)","METRIC","MEASURED",""
"RA05122","Seitenrotation C: Gezogener Code (122)","METRIC","MEASURED",""
"RA05123","Seitenrotation C: Gezogener Code (123)","METRIC","MEASURED",""
"RA05124","Seitenrotation C: Gezogener Code (124)","METRIC","MEASURED",""
"RA05125","Seitenrotation C: Gezogener Code (125)","METRIC","MEASURED",""
"RA05126","Seitenrotation C: Gezogener Code (126)","METRIC","MEASURED",""
"RA05127","Seitenrotation C: Gezogener Code (127)","METRIC","MEASURED",""
"RA05128","Seitenrotation C: Gezogener Code (128)","METRIC","MEASURED",""
"RA05129","Seitenrotation C: Gezogener Code (129)","METRIC","MEASURED",""
"RA05130","Seitenrotation C: Gezogener Code (130)","METRIC","MEASURED",""
"RA05131","Seitenrotation C: Gezogener Code (131)","METRIC","MEASURED",""
"RA05132","Seitenrotation C: Gezogener Code (132)","METRIC","MEASURED",""
"RA05133","Seitenrotation C: Gezogener Code (133)","METRIC","MEASURED",""
"RA05134","Seitenrotation C: Gezogener Code (134)","METRIC","MEASURED",""
"RA05135","Seitenrotation C: Gezogener Code (135)","METRIC","MEASURED",""
"RA05136","Seitenrotation C: Gezogener Code (136)","METRIC","MEASURED",""
"RA05137","Seitenrotation C: Gezogener Code (137)","METRIC","MEASURED",""
"RA05138","Seitenrotation C: Gezogener Code (138)","METRIC","MEASURED",""
"RA05139","Seitenrotation C: Gezogener Code (139)","METRIC","MEASURED",""
"RA05140","Seitenrotation C: Gezogener Code (140)","METRIC","MEASURED",""
"RA05141","Seitenrotation C: Gezogener Code (141)","METRIC","MEASURED",""
"RA05142","Seitenrotation C: Gezogener Code (142)","METRIC","MEASURED",""
"RA05143","Seitenrotation C: Gezogener Code (143)","METRIC","MEASURED",""
"RA05144","Seitenrotation C: Gezogener Code (144)","METRIC","MEASURED",""
"RA05145","Seitenrotation C: Gezogener Code (145)","METRIC","MEASURED",""
"RA05146","Seitenrotation C: Gezogener Code (146)","METRIC","MEASURED",""
"RA05147","Seitenrotation C: Gezogener Code (147)","METRIC","MEASURED",""
"RA05148","Seitenrotation C: Gezogener Code (148)","METRIC","MEASURED",""
"RA05149","Seitenrotation C: Gezogener Code (149)","METRIC","MEASURED",""
"RA05150","Seitenrotation C: Gezogener Code (150)","METRIC","MEASURED",""
"RA05151","Seitenrotation C: Gezogener Code (151)","METRIC","MEASURED",""
"RA05152","Seitenrotation C: Gezogener Code (152)","METRIC","MEASURED",""
"RA05153","Seitenrotation C: Gezogener Code (153)","METRIC","MEASURED",""
"RA05154","Seitenrotation C: Gezogener Code (154)","METRIC","MEASURED",""
"RA05155","Seitenrotation C: Gezogener Code (155)","METRIC","MEASURED",""
"RA05156","Seitenrotation C: Gezogener Code (156)","METRIC","MEASURED",""
"RA05157","Seitenrotation C: Gezogener Code (157)","METRIC","MEASURED",""
"RA05158","Seitenrotation C: Gezogener Code (158)","METRIC","MEASURED",""
"RA05159","Seitenrotation C: Gezogener Code (159)","METRIC","MEASURED",""
"RA05160","Seitenrotation C: Gezogener Code (160)","METRIC","MEASURED",""
"RA05161","Seitenrotation C: Gezogener Code (161)","METRIC","MEASURED",""
"RA05162","Seitenrotation C: Gezogener Code (162)","METRIC","MEASURED",""
"RA05163","Seitenrotation C: Gezogener Code (163)","METRIC","MEASURED",""
"RA05164","Seitenrotation C: Gezogener Code (164)","METRIC","MEASURED",""
"RA05165","Seitenrotation C: Gezogener Code (165)","METRIC","MEASURED",""
"RA05166","Seitenrotation C: Gezogener Code (166)","METRIC","MEASURED",""
"RA05167","Seitenrotation C: Gezogener Code (167)","METRIC","MEASURED",""
"RA05168","Seitenrotation C: Gezogener Code (168)","METRIC","MEASURED",""
"RA05169","Seitenrotation C: Gezogener Code (169)","METRIC","MEASURED",""
"RA05170","Seitenrotation C: Gezogener Code (170)","METRIC","MEASURED",""
"RA05171","Seitenrotation C: Gezogener Code (171)","METRIC","MEASURED",""
"RA05172","Seitenrotation C: Gezogener Code (172)","METRIC","MEASURED",""
"RA05173","Seitenrotation C: Gezogener Code (173)","METRIC","MEASURED",""
"RA05174","Seitenrotation C: Gezogener Code (174)","METRIC","MEASURED",""
"RA05175","Seitenrotation C: Gezogener Code (175)","METRIC","MEASURED",""
"RA05176","Seitenrotation C: Gezogener Code (176)","METRIC","MEASURED",""
"RA05177","Seitenrotation C: Gezogener Code (177)","METRIC","MEASURED",""
"RA05178","Seitenrotation C: Gezogener Code (178)","METRIC","MEASURED",""
"RA05179","Seitenrotation C: Gezogener Code (179)","METRIC","MEASURED",""
"RA05180","Seitenrotation C: Gezogener Code (180)","METRIC","MEASURED",""
"RA05181","Seitenrotation C: Gezogener Code (181)","METRIC","MEASURED",""
"RA05182","Seitenrotation C: Gezogener Code (182)","METRIC","MEASURED",""
"RA05183","Seitenrotation C: Gezogener Code (183)","METRIC","MEASURED",""
"RA05184","Seitenrotation C: Gezogener Code (184)","METRIC","MEASURED",""
"RA05185","Seitenrotation C: Gezogener Code (185)","METRIC","MEASURED",""
"RA05186","Seitenrotation C: Gezogener Code (186)","METRIC","MEASURED",""
"RA05187","Seitenrotation C: Gezogener Code (187)","METRIC","MEASURED",""
"RA05188","Seitenrotation C: Gezogener Code (188)","METRIC","MEASURED",""
"RA05189","Seitenrotation C: Gezogener Code (189)","METRIC","MEASURED",""
"RA05190","Seitenrotation C: Gezogener Code (190)","METRIC","MEASURED",""
"RA05191","Seitenrotation C: Gezogener Code (191)","METRIC","MEASURED",""
"RA05192","Seitenrotation C: Gezogener Code (192)","METRIC","MEASURED",""
"RA05193","Seitenrotation C: Gezogener Code (193)","METRIC","MEASURED",""
"RA05194","Seitenrotation C: Gezogener Code (194)","METRIC","MEASURED",""
"RA05195","Seitenrotation C: Gezogener Code (195)","METRIC","MEASURED",""
"RA05196","Seitenrotation C: Gezogener Code (196)","METRIC","MEASURED",""
"RA05197","Seitenrotation C: Gezogener Code (197)","METRIC","MEASURED",""
"RA05198","Seitenrotation C: Gezogener Code (198)","METRIC","MEASURED",""
"RA05199","Seitenrotation C: Gezogener Code (199)","METRIC","MEASURED",""
"RA05200","Seitenrotation C: Gezogener Code (200)","METRIC","MEASURED",""
"RA05201","Seitenrotation C: Gezogener Code (201)","METRIC","MEASURED",""
"RA05202","Seitenrotation C: Gezogener Code (202)","METRIC","MEASURED",""
"RA05203","Seitenrotation C: Gezogener Code (203)","METRIC","MEASURED",""
"RA05204","Seitenrotation C: Gezogener Code (204)","METRIC","MEASURED",""
"RA05205","Seitenrotation C: Gezogener Code (205)","METRIC","MEASURED",""
"RA05206","Seitenrotation C: Gezogener Code (206)","METRIC","MEASURED",""
"RA05207","Seitenrotation C: Gezogener Code (207)","METRIC","MEASURED",""
"RA05208","Seitenrotation C: Gezogener Code (208)","METRIC","MEASURED",""
"RA05209","Seitenrotation C: Gezogener Code (209)","METRIC","MEASURED",""
"RA05210","Seitenrotation C: Gezogener Code (210)","METRIC","MEASURED",""
"RA05211","Seitenrotation C: Gezogener Code (211)","METRIC","MEASURED",""
"RA05212","Seitenrotation C: Gezogener Code (212)","METRIC","MEASURED",""
"RA05213","Seitenrotation C: Gezogener Code (213)","METRIC","MEASURED",""
"RA05214","Seitenrotation C: Gezogener Code (214)","METRIC","MEASURED",""
"RA05215","Seitenrotation C: Gezogener Code (215)","METRIC","MEASURED",""
"RA05216","Seitenrotation C: Gezogener Code (216)","METRIC","MEASURED",""
"RA05217","Seitenrotation C: Gezogener Code (217)","METRIC","MEASURED",""
"RA05218","Seitenrotation C: Gezogener Code (218)","METRIC","MEASURED",""
"RA05219","Seitenrotation C: Gezogener Code (219)","METRIC","MEASURED",""
"RA05220","Seitenrotation C: Gezogener Code (220)","METRIC","MEASURED",""
"RA05221","Seitenrotation C: Gezogener Code (221)","METRIC","MEASURED",""
"RA05222","Seitenrotation C: Gezogener Code (222)","METRIC","MEASURED",""
"RA05223","Seitenrotation C: Gezogener Code (223)","METRIC","MEASURED",""
"RA05224","Seitenrotation C: Gezogener Code (224)","METRIC","MEASURED",""
"RA05225","Seitenrotation C: Gezogener Code (225)","METRIC","MEASURED",""
"RA05226","Seitenrotation C: Gezogener Code (226)","METRIC","MEASURED",""
"RA05227","Seitenrotation C: Gezogener Code (227)","METRIC","MEASURED",""
"RA05228","Seitenrotation C: Gezogener Code (228)","METRIC","MEASURED",""
"RA05229","Seitenrotation C: Gezogener Code (229)","METRIC","MEASURED",""
"RA05230","Seitenrotation C: Gezogener Code (230)","METRIC","MEASURED",""
"RA05231","Seitenrotation C: Gezogener Code (231)","METRIC","MEASURED",""
"RA05232","Seitenrotation C: Gezogener Code (232)","METRIC","MEASURED",""
"RA05233","Seitenrotation C: Gezogener Code (233)","METRIC","MEASURED",""
"RA05234","Seitenrotation C: Gezogener Code (234)","METRIC","MEASURED",""
"RA05235","Seitenrotation C: Gezogener Code (235)","METRIC","MEASURED",""
"RA05236","Seitenrotation C: Gezogener Code (236)","METRIC","MEASURED",""
"RA05237","Seitenrotation C: Gezogener Code (237)","METRIC","MEASURED",""
"RA05238","Seitenrotation C: Gezogener Code (238)","METRIC","MEASURED",""
"RA05239","Seitenrotation C: Gezogener Code (239)","METRIC","MEASURED",""
"RA05240","Seitenrotation C: Gezogener Code (240)","METRIC","MEASURED",""
"RA05241","Seitenrotation C: Gezogener Code (241)","METRIC","MEASURED",""
"RA05242","Seitenrotation C: Gezogener Code (242)","METRIC","MEASURED",""
"RA05243","Seitenrotation C: Gezogener Code (243)","METRIC","MEASURED",""
"RA05244","Seitenrotation C: Gezogener Code (244)","METRIC","MEASURED",""
"RA05245","Seitenrotation C: Gezogener Code (245)","METRIC","MEASURED",""
"RA05246","Seitenrotation C: Gezogener Code (246)","METRIC","MEASURED",""
"RA05247","Seitenrotation C: Gezogener Code (247)","METRIC","MEASURED",""
"RA05248","Seitenrotation C: Gezogener Code (248)","METRIC","MEASURED",""
"RA05249","Seitenrotation C: Gezogener Code (249)","METRIC","MEASURED",""
"RA05250","Seitenrotation C: Gezogener Code (250)","METRIC","MEASURED",""
"RA05251","Seitenrotation C: Gezogener Code (251)","METRIC","MEASURED",""
"RA05252","Seitenrotation C: Gezogener Code (252)","METRIC","MEASURED",""
"RA05253","Seitenrotation C: Gezogener Code (253)","METRIC","MEASURED",""
"RA05254","Seitenrotation C: Gezogener Code (254)","METRIC","MEASURED",""
"RA05255","Seitenrotation C: Gezogener Code (255)","METRIC","MEASURED",""
"RA05256","Seitenrotation C: Gezogener Code (256)","METRIC","MEASURED",""
"RA05257","Seitenrotation C: Gezogener Code (257)","METRIC","MEASURED",""
"RA05258","Seitenrotation C: Gezogener Code (258)","METRIC","MEASURED",""
"RA05259","Seitenrotation C: Gezogener Code (259)","METRIC","MEASURED",""
"RA05260","Seitenrotation C: Gezogener Code (260)","METRIC","MEASURED",""
"RA05261","Seitenrotation C: Gezogener Code (261)","METRIC","MEASURED",""
"RA05262","Seitenrotation C: Gezogener Code (262)","METRIC","MEASURED",""
"RA05263","Seitenrotation C: Gezogener Code (263)","METRIC","MEASURED",""
"RA05264","Seitenrotation C: Gezogener Code (264)","METRIC","MEASURED",""
"RA05265","Seitenrotation C: Gezogener Code (265)","METRIC","MEASURED",""
"RA05266","Seitenrotation C: Gezogener Code (266)","METRIC","MEASURED",""
"RA05267","Seitenrotation C: Gezogener Code (267)","METRIC","MEASURED",""
"RA05268","Seitenrotation C: Gezogener Code (268)","METRIC","MEASURED",""
"RA05269","Seitenrotation C: Gezogener Code (269)","METRIC","MEASURED",""
"RA05270","Seitenrotation C: Gezogener Code (270)","METRIC","MEASURED",""
"RA05271","Seitenrotation C: Gezogener Code (271)","METRIC","MEASURED",""
"RA05272","Seitenrotation C: Gezogener Code (272)","METRIC","MEASURED",""
"RA05273","Seitenrotation C: Gezogener Code (273)","METRIC","MEASURED",""
"RA05274","Seitenrotation C: Gezogener Code (274)","METRIC","MEASURED",""
"RA05275","Seitenrotation C: Gezogener Code (275)","METRIC","MEASURED",""
"RA05276","Seitenrotation C: Gezogener Code (276)","METRIC","MEASURED",""
"RA05277","Seitenrotation C: Gezogener Code (277)","METRIC","MEASURED",""
"RA05278","Seitenrotation C: Gezogener Code (278)","METRIC","MEASURED",""
"RA05279","Seitenrotation C: Gezogener Code (279)","METRIC","MEASURED",""
"RA05280","Seitenrotation C: Gezogener Code (280)","METRIC","MEASURED",""
"RA05281","Seitenrotation C: Gezogener Code (281)","METRIC","MEASURED",""
"RA05282","Seitenrotation C: Gezogener Code (282)","METRIC","MEASURED",""
"RA05283","Seitenrotation C: Gezogener Code (283)","METRIC","MEASURED",""
"RA05284","Seitenrotation C: Gezogener Code (284)","METRIC","MEASURED",""
"SD01","Geschlecht","NOMINAL","SELECTION","Welches Geschlecht haben Sie?"
"SD02_01","Alter (direkt): Ich bin ... Jahre alt.","METRIC","OPEN","Wie alt sind Sie?"
"SD07","Land (D/A/CH)","NOMINAL","SELECTION","In welchem Land leben Sie derzeit?"
"SD07_04","Land (D/A/CH): Anderes Land","TEXT","OPEN","In welchem Land leben Sie derzeit?"
"SD10","Formale Bildung","NOMINAL","SELECTION","Welches ist der höchste Bildungsabschluss, den Sie haben?"
"SD10_10","Formale Bildung: Anderer Schulabschluss","TEXT","OPEN","Welches ist der höchste Bildungsabschluss, den Sie haben?"
"SD19","Muttersprache","NOMINAL","SELECTION","Ist Deutsch Ihre Muttersprache?"
"SD20","Mehrsprachigkeit","NOMINAL","SELECTION","Sind Sie vor Ihrem sechsten Lebensjahr mit mehr als einer (Mutter-)Sprache aufgewachsen?"
"SD21","Sprachstörung","NOMINAL","SELECTION","Haben Sie eine Sprachstörung?"
"SD25","Lesestörung","NOMINAL","SELECTION","Haben Sie eine Lesestörung?"
"SD22","Sehvermögen","NOMINAL","SELECTION","Wie ist Ihr Sehvermögen?"
"SD23","Anzahl Kinder: Anzahl der Nennungen","METRIC","MEASURED","Bitte geben Sie für jedes Ihrer Kinder das Alter in Jahren an."
"SD23x01","Anzahl Kinder: Nennung 1","TEXT","OPEN","Bitte geben Sie für jedes Ihrer Kinder das Alter in Jahren an."
"SD24","Kinder","NOMINAL","SELECTION","Haben Sie Kinder?"
"WF01_01","AoA bin 0: Becher","METRIC","OPEN","Bitte geben Sie an, in welchem Alter (in Jahren) Sie das folgende Wort gelernt* haben:"
"WF01_01a","AoA bin 0: Becher: Ich kenne dieses Wort nicht.","DICHOTOMOUS","CHECKBOX","Bitte geben Sie an, in welchem Alter (in Jahren) Sie das folgende Wort gelernt* haben:"
"WF02_01","AoA bin 1: Reis","METRIC","OPEN","Bitte geben Sie an, in welchem Alter (in Jahren) Sie das folgende Wort gelernt* haben:"
"WF02_01a","AoA bin 1: Reis: Ich kenne dieses Wort nicht.","DICHOTOMOUS","CHECKBOX","Bitte geben Sie an, in welchem Alter (in Jahren) Sie das folgende Wort gelernt* haben:"
"WF03_01","AoA bin 2: Zeugnis","METRIC","OPEN","Bitte geben Sie an, in welchem Alter (in Jahren) Sie das folgende Wort gelernt* haben:"
"WF03_01a","AoA bin 2: Zeugnis: Ich kenne dieses Wort nicht.","DICHOTOMOUS","CHECKBOX","Bitte geben Sie an, in welchem Alter (in Jahren) Sie das folgende Wort gelernt* haben:"
"WF04_01","AoA bin 3: Komma","METRIC","OPEN","Bitte geben Sie an, in welchem Alter (in Jahren) Sie das folgende Wort gelernt* haben:"
"WF04_01a","AoA bin 3: Komma: Ich kenne dieses Wort nicht.","DICHOTOMOUS","CHECKBOX","Bitte geben Sie an, in welchem Alter (in Jahren) Sie das folgende Wort gelernt* haben:"
"WF05_01","AoA bin 4: Kloster","METRIC","OPEN","Bitte geben Sie an, in welchem Alter (in Jahren) Sie das folgende Wort gelernt* haben:"
"WF05_01a","AoA bin 4: Kloster: Ich kenne dieses Wort nicht.","DICHOTOMOUS","CHECKBOX","Bitte geben Sie an, in welchem Alter (in Jahren) Sie das folgende Wort gelernt* haben:"
"WF06_01","AoA bin 5: Solo","METRIC","OPEN","Bitte geben Sie an, in welchem Alter (in Jahren) Sie das folgende Wort gelernt* haben:"
"WF06_01a","AoA bin 5: Solo: Ich kenne dieses Wort nicht.","DICHOTOMOUS","CHECKBOX","Bitte geben Sie an, in welchem Alter (in Jahren) Sie das folgende Wort gelernt* haben:"
"WF07_01","AoA bin 6: Seuche","METRIC","OPEN","Bitte geben Sie an, in welchem Alter (in Jahren) Sie das folgende Wort gelernt* haben:"
"WF07_01a","AoA bin 6: Seuche: Ich kenne dieses Wort nicht.","DICHOTOMOUS","CHECKBOX","Bitte geben Sie an, in welchem Alter (in Jahren) Sie das folgende Wort gelernt* haben:"
"WF08_01","AoA bin 7: Reaktor","METRIC","OPEN","Bitte geben Sie an, in welchem Alter (in Jahren) Sie das folgende Wort gelernt* haben:"
"WF08_01a","AoA bin 7: Reaktor: Ich kenne dieses Wort nicht.","DICHOTOMOUS","CHECKBOX","Bitte geben Sie an, in welchem Alter (in Jahren) Sie das folgende Wort gelernt* haben:"
"WF09_01","AoA bin 8: Hypothek","METRIC","OPEN","Bitte geben Sie an, in welchem Alter (in Jahren) Sie das folgende Wort gelernt* haben:"
"WF09_01a","AoA bin 8: Hypothek: Ich kenne dieses Wort nicht.","DICHOTOMOUS","CHECKBOX","Bitte geben Sie an, in welchem Alter (in Jahren) Sie das folgende Wort gelernt* haben:"
"WF10_01","AoA bin 9: Dozent","METRIC","OPEN","Bitte geben Sie an, in welchem Alter (in Jahren) Sie das folgende Wort gelernt* haben:"
"WF10_01a","AoA bin 9: Dozent: Ich kenne dieses Wort nicht.","DICHOTOMOUS","CHECKBOX","Bitte geben Sie an, in welchem Alter (in Jahren) Sie das folgende Wort gelernt* haben:"
"XX02_01","Beispielwort: Testwort","METRIC","OPEN",
"XX02_01a","Beispielwort: Testwort: Ich kenne dieses Wort nicht.","DICHOTOMOUS","CHECKBOX",
"TIME001","Verweildauer Seite 1","METRIC","SYSTEM",
"TIME002","Verweildauer Seite 2","METRIC","SYSTEM",
"TIME003","Verweildauer Seite 3","METRIC","SYSTEM",
"TIME004","Verweildauer Seite 4","METRIC","SYSTEM",
"TIME005","Verweildauer Seite 5","METRIC","SYSTEM",
"TIME007","Verweildauer Seite 7","METRIC","SYSTEM",
"TIME008","Verweildauer Seite 8","METRIC","SYSTEM",
"TIME009","Verweildauer Seite 9","METRIC","SYSTEM",
"TIME010","Verweildauer Seite 10","METRIC","SYSTEM",
"TIME011","Verweildauer Seite 11","METRIC","SYSTEM",
"TIME012","Verweildauer Seite 12","METRIC","SYSTEM",
"TIME013","Verweildauer Seite 13","METRIC","SYSTEM",
"TIME014","Verweildauer Seite 14","METRIC","SYSTEM",
"TIME015","Verweildauer Seite 15","METRIC","SYSTEM",
"TIME016","Verweildauer Seite 16","METRIC","SYSTEM",
"TIME_SUM","Verweildauer gesamt (ohne Ausreißer)","METRIC","SYSTEM",
"MAILSENT","Versandzeitpunkt der Einladungsmail (nur für nicht-anonyme Adressaten)","TIME","SYSTEM",
"LASTDATA","Zeitpunkt als der Datensatz das letzte mal geändert wurde","TIME","SYSTEM",
"FINISHED","Wurde die Befragung abgeschlossen (letzte Seite erreicht)?","BOOL","SYSTEM",
"Q_VIEWER","Hat der Teilnehmer den Fragebogen nur angesehen, ohne die Pflichtfragen zu beantworten?","BOOL","SYSTEM",
"LASTPAGE","Seite, die der Teilnehmer zuletzt bearbeitet hat","METRIC","SYSTEM",
"MAXPAGE","Letzte Seite, die im Fragebogen bearbeitet wurde","METRIC","SYSTEM",
"MISSING","Anteil fehlender Antworten in Prozent","METRIC","SYSTEM",
"MISSREL","Anteil fehlender Antworten (gewichtet nach Relevanz)","METRIC","SYSTEM",
"TIME_RSI","Ausfüll-Geschwindigkeit (relativ)","METRIC","SYSTEM",